ID,Strain,Sex,EXP,Weight Days,Weight Scheme,Max Weight Loss,Max Weight Gain,Average Weight Change
3711,129,F,X134,"D: 5,7,9,12,14,16,19,21,23,26,28,30,33,35,37,40,42,44,47,49",2,-21.13402062,9.278350515,-1.718213058
3712,129,F,X134,"D: 5,7,9,12,14,16,19,21,23,26,28,30,33,35,37,40,42,44,47,49",2,-24.87562189,1.990049751,-7.462686567
3713,129,F,X134,"D: 5,7,9,12,14,16,19,21,23,26,28,30,33,35,37,40,42,44,47,49",2,-20.21276596,10.63829787,1.646403242
3714,129,F,X134,"D: 5,7,9,12,14,16,19,21,23,26,28,30,33,35,37,40,42,44,47,49",2,-9.547738693,17.08542714,7.118927973
3715,129,F,X134,"D: 5,7,9,12,14,16,19,21,23,26,28,30,33,35,37,40,42,44,47,49",2,-21.39303483,12.93532338,5.721393035
3716,129,M,X134,"D: 5,7,9,12,14,16,19,21,23,26,28,30,33,35,37,40,42,44,47,49",2,-8.536585366,5.284552846,1.103368177
3717,129,M,X134,"D: 5,7,9,12,14,16,19,21,23,26,28,30,33,35,37,40,42,44,47,49",2,-23.77358491,0.377358491,-8.140161725
3718,129,M,X134,"D: 5,7,9,12,14,16,19,21,23,26,28,30,33,35,37,40,42,44,47,49",2,-24.4813278,4.979253112,-4.07034183
3719,129,M,X134,"D: 5,7,9,12,14,16,19,21,23,26,28,30,33,35,37,40,42,44,47,49",2,-20.0913242,2.739726027,-8.066971081
3720,129,M,X134,"D: 5,7,9,12,14,16,19,21,23,26,28,30,33,35,37,40,42,44,47,49",2,-24.78991597,3.781512605,-9.983993597
3401,B6,F,X126,"D: 5,7,10,12,14,17,19,21,24,26,28,31,33,35,38,40,42,45,47,49",1,-34.69387755,1.020408163,-14.09135083
3402,B6,F,X126,"D: 5,7,10,12,14,17,19,21,24,26,28,31,33,35,38,40,42,45,47,49",1,-22.17391304,1.304347826,-6.832298137
3403,B6,F,X126,"D: 5,7,10,12,14,17,19,21,24,26,28,31,33,35,38,40,42,45,47,49",1,-26.79425837,3.827751196,-8.817498291
3404,B6,F,X126,"D: 5,7,10,12,14,17,19,21,24,26,28,31,33,35,38,40,42,45,47,49",1,0,20,9.05775076
3409,B6,F,X126,"D: 5,7,10,12,14,17,19,21,24,26,28,31,33,35,38,40,42,45,47,49",1,-5.825242718,17.47572816,4.114655571
3410,B6,F,X126,"D: 5,7,10,12,14,17,19,21,24,26,28,31,33,35,38,40,42,45,47,49",1,-11.79487179,12.82051282,2.905982906
3411,B6,F,X126,"D: 5,7,10,12,14,17,19,21,24,26,28,31,33,35,38,40,42,45,47,49",1,-22.22222222,2.415458937,-10.42097999
3412,B6,F,X126,"D: 5,7,10,12,14,17,19,21,24,26,28,31,33,35,38,40,42,45,47,49",1,-16.34615385,12.01923077,-7.577838828
3701,B6,F,X134,"D: 5,7,9,12,14,16,19,21,23,26,28,30,33,35,37,40,42,44,47,49",2,-4.494382022,15.16853933,7.33012306
3702,B6,F,X134,"D: 5,7,9,12,14,16,19,21,23,26,28,30,33,35,37,40,42,44,47,49",2,-6.395348837,26.74418605,9.689922481
3703,B6,F,X134,"D: 5,7,9,12,14,16,19,21,23,26,28,30,33,35,37,40,42,44,47,49",2,-24.7311828,7.52688172,-2.662570405
3704,B6,F,X134,"D: 5,7,9,12,14,16,19,21,23,26,28,30,33,35,37,40,42,44,47,49",2,-14.51612903,5.913978495,-3.020993344
3705,B6,F,X134,"D: 5,7,9,12,14,16,19,21,23,26,28,30,33,35,37,40,42,44,47,49",2,-7.407407407,3.174603175,-2.015621063
3813,B6,F,X157,"D: 6,8,11,13,15,18,20,22,25,27,29,32,34,36,39,41,43,46,48,50",3,0,25.92592593,21.07583774
3814,B6,F,X157,"D: 6,8,11,13,15,18,20,22,25,27,29,32,34,36,39,41,43,46,48,50",3,-17.31843575,20.11173184,-1.276935355
3815,B6,F,X157,"D: 6,8,11,13,15,18,20,22,25,27,29,32,34,36,39,41,43,46,48,50",3,0,17.41573034,10.75441413
3816,B6,F,X157,"D: 6,8,11,13,15,18,20,22,25,27,29,32,34,36,39,41,43,46,48,50",3,-4.21686747,18.6746988,8.777969019
3817,B6,F,X157,"D: 6,8,11,13,15,18,20,22,25,27,29,32,34,36,39,41,43,46,48,50",3,0,27.16049383,17.22516167
5132,B6,F,X191,"D: 6,8,11,13,15,17,20,22,24,27,29,31,34,36,38,41,43,45,48,50",4,-24.47916667,14.0625,-3.670634921
5133,B6,F,X191,"D: 6,8,11,13,15,17,20,22,24,27,29,31,34,36,38,41,43,45,48,50",4,-25.80645161,0.537634409,-12.87634409
5134,B6,F,X191,"D: 6,8,11,13,15,17,20,22,24,27,29,31,34,36,38,41,43,45,48,50",4,-22.34636872,0,-14.82090043
5135,B6,F,X191,"D: 6,8,11,13,15,17,20,22,24,27,29,31,34,36,38,41,43,45,48,50",4,-16.76646707,22.15568862,7.128599943
5136,B6,F,X191,"D: 6,8,11,13,15,17,20,22,24,27,29,31,34,36,38,41,43,45,48,50",4,-27.4611399,6.21761658,-7.162450472
3405,B6,M,X126,"D: 5,7,10,12,14,17,19,21,24,26,28,31,33,35,38,40,42,45,47,49",1,-21.13821138,5.691056911,-6.039488966
3406,B6,M,X126,"D: 5,7,10,12,14,17,19,21,24,26,28,31,33,35,38,40,42,45,47,49",1,-4.961832061,12.21374046,5.016357688
3407,B6,M,X126,"D: 5,7,10,12,14,17,19,21,24,26,28,31,33,35,38,40,42,45,47,49",1,-23.55072464,6.884057971,-3.847481021
3408,B6,M,X126,"D: 5,7,10,12,14,17,19,21,24,26,28,31,33,35,38,40,42,45,47,49",1,-21.15384615,4.230769231,-11.52014652
3413,B6,M,X126,"D: 5,7,10,12,14,17,19,21,24,26,28,31,33,35,38,40,42,45,47,49",1,-9.926470588,8.088235294,-0.052521008
3414,B6,M,X126,"D: 5,7,10,12,14,17,19,21,24,26,28,31,33,35,38,40,42,45,47,49",1,-16.85393258,1.872659176,-8.418048867
3415,B6,M,X126,"D: 5,7,10,12,14,17,19,21,24,26,28,31,33,35,38,40,42,45,47,49",1,-21.16040956,0,-8.613684382
3416,B6,M,X126,"D: 5,7,10,12,14,17,19,21,24,26,28,31,33,35,38,40,42,45,47,49",1,-18.07692308,3.846153846,-8.131868132
3706,B6,M,X134,"D: 5,7,9,12,14,16,19,21,23,26,28,30,33,35,37,40,42,44,47,49",2,-10.56910569,9.756097561,0.580720093
3707,B6,M,X134,"D: 5,7,9,12,14,16,19,21,23,26,28,30,33,35,37,40,42,44,47,49",2,-18.87550201,5.220883534,-2.81124498
3708,B6,M,X134,"D: 5,7,9,12,14,16,19,21,23,26,28,30,33,35,37,40,42,44,47,49",2,-12.15686275,7.058823529,-1.718020542
3709,B6,M,X134,"D: 5,7,9,12,14,16,19,21,23,26,28,30,33,35,37,40,42,44,47,49",2,-7.172995781,8.016877637,0.482218204
3710,B6,M,X134,"D: 5,7,9,12,14,16,19,21,23,26,28,30,33,35,37,40,42,44,47,49",2,-24.1509434,0,-13.9802336
3818,B6,M,X157,"D: 6,8,11,13,15,18,20,22,25,27,29,32,34,36,39,41,43,46,48,50",3,-5.46875,8.984375,0.390625
3819,B6,M,X157,"D: 6,8,11,13,15,18,20,22,25,27,29,32,34,36,39,41,43,46,48,50",3,-25.10288066,4.115226337,-14.6776406
3820,B6,M,X157,"D: 6,8,11,13,15,18,20,22,25,27,29,32,34,36,39,41,43,46,48,50",3,-23.28767123,9.589041096,-10.56751468
3821,B6,M,X157,"D: 6,8,11,13,15,18,20,22,25,27,29,32,34,36,39,41,43,46,48,50",3,-20.08733624,6.113537118,-4.782699106
3822,B6,M,X157,"D: 6,8,11,13,15,18,20,22,25,27,29,32,34,36,39,41,43,46,48,50",3,-24.15254237,3.813559322,-13.35754641
5127,B6,M,X191,"D: 6,8,11,13,15,17,20,22,24,27,29,31,34,36,38,41,43,45,48,50",4,-27.60180995,7.239819005,-9.265244559
5128,B6,M,X191,"D: 6,8,11,13,15,17,20,22,24,27,29,31,34,36,38,41,43,45,48,50",4,-23.52941176,2.941176471,-7.282913165
5129,B6,M,X191,"D: 6,8,11,13,15,17,20,22,24,27,29,31,34,36,38,41,43,45,48,50",4,-25.64102564,0,-13.47171347
5130,B6,M,X191,"D: 6,8,11,13,15,17,20,22,24,27,29,31,34,36,38,41,43,45,48,50",4,-24.88888889,4,-13.20634921
5131,B6,M,X191,"D: 6,8,11,13,15,17,20,22,24,27,29,31,34,36,38,41,43,45,48,50",4,-31.69642857,0,-13.41411565
3721,NOD,F,X134,"D: 5,7,9,12,14,16,19,21,23,26,28,30,33,35,37,40,42,44,47,49",2,0,30.15873016,14.08415218
3722,NOD,F,X134,"D: 5,7,9,12,14,16,19,21,23,26,28,30,33,35,37,40,42,44,47,49",2,-12.12121212,19.6969697,8.080808081
3723,NOD,F,X134,"D: 5,7,9,12,14,16,19,21,23,26,28,30,33,35,37,40,42,44,47,49",2,-16.26794258,13.87559809,4.693552062
3724,NOD,F,X134,Too Jumpy to get weight data - single housed,-,,,
3725,NOD,M,X134,"D: 5,7,9,12,14,16,19,21,23,26,28,30,33,35,37,40,42,44,47,49",2,-9.454545455,10.90909091,2.112554113
3726,NOD,M,X134,"D: 5,7,9,12,14,16,19,21,23,26,28,30,33,35,37,40,42,44,47,49",2,0,15.98513011,8.904230837
3727,NOD,M,X134,"D: 5,7,9,12,14,16,19,21,23,26,28,30,33,35,37,40,42,44,47,49",2,-11.39240506,10.54852321,2.652200121
3728,NOD,M,X134,"D: 5,7,9,12,14,16,19,21,23,26,28,30,33,35,37,40,42,44,47,49",2,-1.418439716,14.53900709,7.227288078
3729,NOD,M,X134,"D: 5,7,9,12,14,16,19,21,23,26,28,30,33,35,37,40,42,44,47,49",2,-9.128630705,11.2033195,3.43805572
,,,,,,,,
3417,CC001,F,X126,"D: 5,7,10,12,14,17,19,21,24,26,28,31,33,35,38,40,42,45,47,49",1,-0.526315789,20.52631579,9.824561404
3418,CC001,F,X126,"D: 5,7,10,12,14,17,19,21,24,26,28,31,33,35,38,40,42,45,47,49",1,-13.88888889,10,-0.502645503
3419,CC001,F,X126,"D: 5,7,10,12,14,17,19,21,24,26,28,31,33,35,38,40,42,45,47,49",1,-16.57458564,4.972375691,-0.73664825
3420,CC001,F,X126,"D: 5,7,10,12,14,17,19,21,24,26,28,31,33,35,38,40,42,45,47,49",1,-20.77922078,6.493506494,-5.681818182
3421,CC001,F,X126,"D: 5,7,10,12,14,17,19,21,24,26,28,31,33,35,38,40,42,45,47,49",1,-21.39037433,9.090909091,-3.488668195
3422,CC001,M,X126,"D: 5,7,10,12,14,17,19,21,24,26,28,31,33,35,38,40,42,45,47,49",1,-5.172413793,15.51724138,3.920361248
3423,CC001,M,X126,"D: 5,7,10,12,14,17,19,21,24,26,28,31,33,35,38,40,42,45,47,49",1,-24.43438914,6.787330317,-3.576815342
3425,CC001,M,X126,"D: 5,7,10,12,14,17,19,21,24,26,28,31,33,35,38,40,42,45,47,49",1,-3.286384977,19.24882629,8.11535882
3426,CC001,M,X126,"D: 5,7,10,12,14,17,19,21,24,26,28,31,33,35,38,40,42,45,47,49",1,-34.61538462,5.128205128,-8.363858364
3778,CC002,F,X134,"D: 5,7,9,12,14,16,19,21,23,26,28,30,33,35,37,40,42,44,47,49",2,-28.31858407,5.309734513,-8.09102402
3779,CC002,F,X134,"D: 5,7,9,12,14,16,19,21,23,26,28,30,33,35,37,40,42,44,47,49",2,-19.24882629,0.938967136,-5.946791862
3780,CC002,F,X134,"D: 5,7,9,12,14,16,19,21,23,26,28,30,33,35,37,40,42,44,47,49",2,-20.56074766,8.411214953,-5.985758789
3781,CC002,F,X134,"D: 5,7,9,12,14,16,19,21,23,26,28,30,33,35,37,40,42,44,47,49",2,-19.11764706,4.411764706,-2.941176471
3782,CC002,F,X134,"D: 5,7,9,12,14,16,19,21,23,26,28,30,33,35,37,40,42,44,47,49",2,-16.43835616,11.87214612,-2.71798217
3427,CC002,M,X126,"D: 5,7,10,12,14,17,19,21,24,26,28,31,33,35,38,40,42,45,47,49",1,-11.02362205,12.20472441,3.599550056
3428,CC002,M,X126,"D: 5,7,10,12,14,17,19,21,24,26,28,31,33,35,38,40,42,45,47,49",1,-21.53846154,5,-3.168498168
3783,CC002,M,X134,"D: 5,7,10,12,14,17,19,21,24,26,28,31,33,35,38,40,42,45,47,49",1,-20.23346304,4.280155642,-9.153233278
3784,CC002,M,X134,"D: 5,7,10,12,14,17,19,21,24,26,28,31,33,35,38,40,42,45,47,49",1,-10.15037594,11.65413534,3.383458647
3823,CC002,M,X157,"D: 6,8,11,13,15,18,20,22,25,27,29,32,34,36,39,41,43,46,48,50",3,-23.10469314,0,-9.351899605
3824,CC002,M,X157,"D: 6,8,11,13,15,18,20,22,25,27,29,32,34,36,39,41,43,46,48,50",3,-11.39240506,10.97046414,0.58268033
3429,CC003,F,X126,"D: 5,7,10,12,14,17,19,21,24,26,28,31,33,35,38,40,42,45,47,49",1,-17.69911504,14.15929204,0.442477876
3430,CC003,F,X126,"D: 5,7,10,12,14,17,19,21,24,26,28,31,33,35,38,40,42,45,47,49",1,-16.73306773,20.3187251,2.826788086
3431,CC003,F,X126,"D: 5,7,10,12,14,17,19,21,24,26,28,31,33,35,38,40,42,45,47,49",1,0,13.33333333,8.548752834
3432,CC003,F,X126,"D: 5,7,10,12,14,17,19,21,24,26,28,31,33,35,38,40,42,45,47,49",1,-0.432900433,22.07792208,9.565038136
3433,CC003,F,X126,"D: 5,7,10,12,14,17,19,21,24,26,28,31,33,35,38,40,42,45,47,49",1,-1.769911504,17.25663717,5.773282764
3434,CC003,M,X126,"D: 5,7,10,12,14,17,19,21,24,26,28,31,33,35,38,40,42,45,47,49",1,-15.93220339,3.728813559,-5.456012914
3435,CC003,M,X126,"D: 5,7,10,12,14,17,19,21,24,26,28,31,33,35,38,40,42,45,47,49",1,-6.872852234,15.80756014,6.332842415
3436,CC003,M,X126,"D: 5,7,10,12,14,17,19,21,24,26,28,31,33,35,38,40,42,45,47,49",1,-25.93984962,6.390977444,-5.191550304
3786,CC003,M,X134,"D: 5,7,9,12,14,16,19,21,23,26,28,30,33,35,37,40,42,44,47,49",2,-19.76744186,5.03875969,-4.134366925
3787,CC003,M,X134,"D: 5,7,9,12,14,16,19,21,23,26,28,30,33,35,37,40,42,44,47,49",2,-20.81911263,4.09556314,-10.23890785
3554,CC004,F,X126,"D: 5,7,10,12,14,17,19,21,24,26,28,31,33,35,38,40,42,45,47,49",1,-37.72727273,0,-19.67532468
3555,CC004,F,X126,"D: 5,7,10,12,14,17,19,21,24,26,28,31,33,35,38,40,42,45,47,49",1,-27.27272727,4.812834225,-7.282913165
3556,CC004,F,X126,"D: 5,7,10,12,14,17,19,21,24,26,28,31,33,35,38,40,42,45,47,49",1,-39.18918919,0,-18.28828829
3557,CC004,F,X126,"D: 5,7,10,12,14,17,19,21,24,26,28,31,33,35,38,40,42,45,47,49",1,-32.16080402,0,-20.8986107
3558,CC004,F,X126,"D: 5,7,10,12,14,17,19,21,24,26,28,31,33,35,38,40,42,45,47,49",1,-26.90763052,0,-12.85140562
3788,CC004,F,X134,"D: 5,7,10,12,14,17,19,21,24,26,28,31,33,35,38,40,42,45,47,49",1,-20.21857923,10.38251366,-0.853825137
3789,CC004,F,X134,"D: 5,7,10,12,14,17,19,21,24,26,28,31,33,35,38,40,42,45,47,49",1,-7.960199005,16.91542289,3.056147832
3501,CC004,M,X126,"D: 5,7,10,12,14,17,19,21,24,26,28,31,33,35,38,40,42,45,47,49",1,-42.65129683,0,-29.84767394
3502,CC004,M,X126,"D: 5,7,10,12,14,17,19,21,24,26,28,31,33,35,38,40,42,45,47,49",1,-22.3495702,0,-10.0286533
3503,CC004,M,X126,"D: 5,7,10,12,14,17,19,21,24,26,28,31,33,35,38,40,42,45,47,49",1,-43.80165289,0,-23.17806161
3790,CC004,M,X134,"D: 5,7,9,12,14,16,19,21,23,26,28,30,33,35,37,40,42,44,47,49",2,-30.33707865,0,-13.62582486
3791,CC004,M,X134,"D: 5,7,9,12,14,16,19,21,23,26,28,30,33,35,37,40,42,44,47,49",2,-6.956521739,35.2173913,9.523809524
3792,CC004,M,X134,"D: 5,7,9,12,14,16,19,21,23,26,28,30,33,35,37,40,42,44,47,49",2,-13.30472103,0,-8.154506438
3793,CC004,M,X134,"D: 5,7,9,12,14,16,19,21,23,26,28,30,33,35,37,40,42,44,47,49",2,-29.6460177,0,-15.84070796
3794,CC006,F,X134,"D: 5,7,9,12,14,16,19,21,23,26,28,30,33,35,37,40,42,44,47,49",2,-9.693877551,10.20408163,0.728862974
3795,CC006,F,X134,"D: 5,7,9,12,14,16,19,21,23,26,28,30,33,35,37,40,42,44,47,49",2,-7.027027027,11.89189189,0.077220077
3796,CC006,F,X134,"D: 5,7,9,12,14,16,19,21,23,26,28,30,33,35,37,40,42,44,47,49",2,-4.972375691,13.8121547,4.893449092
3797,CC006,F,X134,"D: 5,7,9,12,14,16,19,21,23,26,28,30,33,35,37,40,42,44,47,49",2,-21.46596859,3.664921466,-6.656694091
3798,CC006,F,X134,"D: 5,7,9,12,14,16,19,21,23,26,28,30,33,35,37,40,42,44,47,49",2,-5.555555556,27.77777778,5.349794239
3437,CC006,M,X126,"D: 5,7,10,12,14,17,19,21,24,26,28,31,33,35,38,40,42,45,47,49",1,-9.90990991,5.855855856,-1.008151008
3438,CC006,M,X126,"D: 5,7,10,12,14,17,19,21,24,26,28,31,33,35,38,40,42,45,47,49",1,-10.0877193,7.894736842,0.292397661
3439,CC006,M,X126,"D: 5,7,10,12,14,17,19,21,24,26,28,31,33,35,38,40,42,45,47,49",1,-22.62443439,0,-7.412195647
3440,CC006,M,X126,"D: 5,7,10,12,14,17,19,21,24,26,28,31,33,35,38,40,42,45,47,49",1,-2.427184466,12.62135922,6.611188165
3441,CC006,M,X126,"D: 5,7,10,12,14,17,19,21,24,26,28,31,33,35,38,40,42,45,47,49",1,-4.035874439,6.278026906,1.452060645
3559,CC010 ,F,X126,"D: 5,7,10,12,14,17,19,21,24,26,28,31,33,35,38,40,42,45,47,49",1,-20.12195122,1.829268293,-11.70150987
3560,CC010 ,F,X126,"D: 5,7,10,12,14,17,19,21,24,26,28,31,33,35,38,40,42,45,47,49",1,-15.38461538,1.709401709,-8.73015873
3561,CC010 ,F,X126,"D: 5,7,10,12,14,17,19,21,24,26,28,31,33,35,38,40,42,45,47,49",1,-25.10638298,4.255319149,-13.61702128
3562,CC010 ,F,X126,"D: 5,7,10,12,14,17,19,21,24,26,28,31,33,35,38,40,42,45,47,49",1,-24.07407407,0,-11.19929453
3563,CC010 ,F,X126,"D: 5,7,10,12,14,17,19,21,24,26,28,31,33,35,38,40,42,45,47,49",1,-23.046875,0,-14.2485119
3564,CC010 ,M,X126,"D: 5,7,10,12,14,17,19,21,24,26,28,31,33,35,38,40,42,45,47,49",1,-12.45791246,0,-9.587942921
3565,CC010 ,M,X126,"D: 5,7,10,12,14,17,19,21,24,26,28,31,33,35,38,40,42,45,47,49",1,-8.058608059,3.296703297,-2.31990232
3566,CC010 ,M,X126,"D: 5,7,10,12,14,17,19,21,24,26,28,31,33,35,38,40,42,45,47,49",1,-2.197802198,8.791208791,2.760334903
3799,CC010 ,M,X134,"D: 5,7,9,12,14,16,19,21,23,26,28,30,33,35,37,40,42,44,47,49",2,-8.870967742,12.09677419,2.150537634
3800,CC010 ,M,X134,"D: 5,7,9,12,14,16,19,21,23,26,28,30,33,35,37,40,42,44,47,49",2,-6.691449814,5.94795539,0.885112409
3825,CC011,F,X157,"D: 6,8,11,13,15,18,20,22,25,27,29,32,34,36,39,41,43,46,48,50",3,-19.44444444,8.333333333,-1.303854875
3826,CC011,F,X157,"D: 6,8,11,13,15,18,20,22,25,27,29,32,34,36,39,41,43,46,48,50",3,-28.69198312,21.51898734,-3.998392606
3567,CC011 ,F,X126,"D: 5,7,10,12,14,17,19,21,24,26,28,31,33,35,38,40,42,45,47,49",1,-13.35877863,0,-6.743002545
3568,CC011 ,F,X126,"D: 5,7,10,12,14,17,19,21,24,26,28,31,33,35,38,40,42,45,47,49",1,-15,6.333333333,-6.761904762
3569,CC011 ,F,X126,"D: 5,7,10,12,14,17,19,21,24,26,28,31,33,35,38,40,42,45,47,49",1,-27.05882353,0,-10.47619048
3570,CC011 ,M,X126,"D: 5,7,10,12,14,17,19,21,24,26,28,31,33,35,38,40,42,45,47,49",1,-8.896797153,3.558718861,-2.813082528
3571,CC011 ,M,X126,"D: 5,7,10,12,14,17,19,21,24,26,28,31,33,35,38,40,42,45,47,49",1,-19.93670886,4.113924051,-6.434599156
3572,CC011 ,M,X126,"D: 5,7,10,12,14,17,19,21,24,26,28,31,33,35,38,40,42,45,47,49",1,-7.258064516,10.08064516,0.17281106
3573,CC011 ,M,X126,"D: 5,7,10,12,14,17,19,21,24,26,28,31,33,35,38,40,42,45,47,49",1,-12.63157895,0,-9.523809524
3574,CC011 ,M,X126,"D: 5,7,10,12,14,17,19,21,24,26,28,31,33,35,38,40,42,45,47,49",1,-17.33870968,2.016129032,-7.085253456
3827,CC018,F,X157,"D: 6,8,11,13,15,18,20,22,25,27,29,32,34,36,39,41,43,46,48,50",3,-2.234636872,16.75977654,8.619313647
3348,CC018 ,F,X126,"D: 5,7,10,12,14,17,19,21,24,26,28,31,33,35,38,40,42,45,47,49",1,0,18.53932584,11.02193686
3349,CC018 ,F,X126,"D: 5,7,10,12,14,17,19,21,24,26,28,31,33,35,38,40,42,45,47,49",1,0,21.66666667,14.28571429
3350,CC018 ,F,X126,"D: 5,7,10,12,14,17,19,21,24,26,28,31,33,35,38,40,42,45,47,49",1,0,30.52631579,20.30075188
3351,CC018 ,M,X126,"D: 5,7,10,12,14,17,19,21,24,26,28,31,33,35,38,40,42,45,47,49",1,-10.38961039,11.25541126,-0.639043496
3352,CC018 ,M,X126,"D: 5,7,10,12,14,17,19,21,24,26,28,31,33,35,38,40,42,45,47,49",1,-12.75720165,6.172839506,-2.038016853
3353,CC018 ,M,X126,"D: 5,7,10,12,14,17,19,21,24,26,28,31,33,35,38,40,42,45,47,49",1,0,16.89497717,7.697325506
3354,CC018 ,M,X126,"D: 5,7,10,12,14,17,19,21,24,26,28,31,33,35,38,40,42,45,47,49",1,-12.33480176,15.4185022,2.422907489
3355,CC018 ,M,X126,"D: 5,7,10,12,14,17,19,21,24,26,28,31,33,35,38,40,42,45,47,49",1,-4.166666667,10.83333333,3.78968254
5137,CC020,F,X191,"D: 6,8,11,13,15,17,20,22,24,27,29,31,34,36,38,41,43,45,48,50",4,0,20.83333333,13.01587302
5138,CC020,F,X191,"D: 6,8,11,13,15,17,20,22,24,27,29,31,34,36,38,41,43,45,48,50",4,0,25.24752475,14.33286186
5139,CC020,F,X191,"D: 6,8,11,13,15,17,20,22,24,27,29,31,34,36,38,41,43,45,48,50",4,-11.45038168,13.74045802,2.853507815
5140,CC020,F,X191,"D: 6,8,11,13,15,17,20,22,24,27,29,31,34,36,38,41,43,45,48,50",4,0,33.87978142,23.49726776
5141,CC020,F,X191,"D: 6,8,11,13,15,17,20,22,24,27,29,31,34,36,38,41,43,45,48,50",4,0,33.5106383,23.50557244
5142,CC020,M,X191,"D: 6,8,11,13,15,17,20,22,24,27,29,31,34,36,38,41,43,45,48,50",4,-10.38461538,20.76923077,8.644688645
5143,CC020,M,X191,"D: 6,8,11,13,15,17,20,22,24,27,29,31,34,36,38,41,43,45,48,50",4,-2.34375,5.46875,0.669642857
5144,CC020,M,X191,"D: 6,8,11,13,15,17,20,22,24,27,29,31,34,36,38,41,43,45,48,50",4,0,14.28571429,8.016179445
5145,CC020,M,X191,"D: 6,8,11,13,15,17,20,22,24,27,29,31,34,36,38,41,43,45,48,50",4,-3.112840467,15.56420233,9.41263665
5146,CC020,M,X191,"D: 6,8,11,13,15,17,20,22,24,27,29,31,34,36,38,41,43,45,48,50",4,-1.418439716,14.89361702,6.788247214
3801,CC023 ,F,X134,"D: 5,7,9,12,14,16,19,21,23,26,28,30,33,35,37,40,42,44,47,49",2,-2.840909091,40.90909091,16.20670996
3802,CC023 ,F,X134,"D: 5,7,9,12,14,16,19,21,23,26,28,30,33,35,37,40,42,44,47,49",2,0,27.64976959,13.27627825
3803,CC023 ,F,X134,"D: 5,7,9,12,14,16,19,21,23,26,28,30,33,35,37,40,42,44,47,49",2,-8.928571429,8.928571429,1.558956916
3804,CC023 ,F,X134,"D: 5,7,9,12,14,16,19,21,23,26,28,30,33,35,37,40,42,44,47,49",2,-21.34831461,15.16853933,-1.658640984
3805,CC023 ,F,X134,"D: 5,7,9,12,14,16,19,21,23,26,28,30,33,35,37,40,42,44,47,49",2,-19.2513369,18.71657754,0.407435702
3806,CC023 ,M,X134,"D: 5,7,9,12,14,16,19,21,23,26,28,30,33,35,37,40,42,44,47,49",2,-23.52941176,10.85972851,-0.732600733
3807,CC023 ,M,X134,"D: 5,7,9,12,14,16,19,21,23,26,28,30,33,35,37,40,42,44,47,49",2,-9.292035398,25.66371681,8.196375895
3442,CC023 ,M,X126,"D: 5,7,9,12,14,16,19,21,23,26,28,30,33,35,37,40,42,44,47,49",2,-21.03174603,21.03174603,3.269085412
3443,CC023 ,M,X126,"D: 5,7,9,12,14,16,19,21,23,26,28,30,33,35,37,40,42,44,47,49",2,0,37.82608696,18.07453416
3444,CC023 ,M,X126,"D: 5,7,9,12,14,16,19,21,23,26,28,30,33,35,37,40,42,44,47,49",2,-7.438016529,28.92561983,10.48799685
3829,CC028,F,X157,"D: 6,8,11,13,15,18,20,22,25,27,29,32,34,36,39,41,43,46,48,50",3,-27,2.5,-12.9047619
3830,CC028,F,X157,"D: 6,8,11,13,15,18,20,22,25,27,29,32,34,36,39,41,43,46,48,50",3,-37.3015873,0,-19.76568405
3356,CC028 ,F,X126,"D: 5,7,10,12,14,17,19,21,24,26,28,31,33,35,38,40,42,45,47,49",1,-5.907172996,7.594936709,-0.301386377
3357,CC028 ,F,X126,"D: 5,7,10,12,14,17,19,21,24,26,28,31,33,35,38,40,42,45,47,49",1,-33.05084746,2.966101695,-8.535108959
3358,CC028 ,F,X126,"D: 5,7,10,12,14,17,19,21,24,26,28,31,33,35,38,40,42,45,47,49",1,-38.36734694,0,-21.0989011
3459,CC028 ,M,X126,"D: 5,7,10,12,14,17,19,21,24,26,28,31,33,35,38,40,42,45,47,49",1,-40.43887147,0,-27.6645768
3460,CC028 ,M,X126,"D: 5,7,10,12,14,17,19,21,24,26,28,31,33,35,38,40,42,45,47,49",1,-34.26573427,0,-20.53401144
3461,CC028 ,M,X126,"D: 5,7,10,12,14,17,19,21,24,26,28,31,33,35,38,40,42,45,47,49",1,-25.24590164,0,-13.60655738
3462,CC028 ,M,X126,"D: 5,7,10,12,14,17,19,21,24,26,28,31,33,35,38,40,42,45,47,49",1,-35.66176471,0,-23.11580882
3463,CC028 ,M,X126,"D: 5,7,10,12,14,17,19,21,24,26,28,31,33,35,38,40,42,45,47,49",1,-26.44927536,0,-15.2173913
3445,CC030 ,F,X126,"D: 5,7,10,12,14,17,19,21,24,26,28,31,33,35,38,40,42,45,47,49",1,-16.95906433,5.263157895,-6.377053745
3446,CC030 ,F,X126,"D: 5,7,10,12,14,17,19,21,24,26,28,31,33,35,38,40,42,45,47,49",1,-12.65060241,12.04819277,1.31956397
3447,CC030 ,F,X126,"D: 5,7,10,12,14,17,19,21,24,26,28,31,33,35,38,40,42,45,47,49",1,-8.917197452,14.64968153,5.823475887
3448,CC030 ,F,X126,"D: 5,7,10,12,14,17,19,21,24,26,28,31,33,35,38,40,42,45,47,49",1,-21.66666667,12.77777778,-8.994708995
3449,CC030 ,F,X126,"D: 5,7,10,12,14,17,19,21,24,26,28,31,33,35,38,40,42,45,47,49",1,-18.49710983,12.71676301,-7.376823562
3450,CC030 ,M,X126,"D: 5,7,10,12,14,17,19,21,24,26,28,31,33,35,38,40,42,45,47,49",1,-16.66666667,8.571428571,-4.523809524
3451,CC030 ,M,X126,"D: 5,7,10,12,14,17,19,21,24,26,28,31,33,35,38,40,42,45,47,49",1,-11.9266055,8.71559633,-1.092179991
3735,CC030,M,X134,"D: 5,7,9,12,14,16,19,21,23,26,28,30,33,35,37,40,42,44,47,49",2,-26.69491525,1.271186441,-14.68926554
3736,CC030,M,X134,"D: 5,7,9,12,14,16,19,21,23,26,28,30,33,35,37,40,42,44,47,49",2,-19.44444444,6.481481481,-2.00617284
3737,CC030,M,X134,"D: 5,7,9,12,14,16,19,21,23,26,28,30,33,35,37,40,42,44,47,49",2,-32.76595745,3.829787234,-13.35359676
3860,CC031,F,X157,"D: 6,8,11,13,15,18,20,22,25,27,29,32,34,36,39,41,43,46,48,50",3,-26.79425837,6.220095694,-3.485987697
3861,CC031,F,X157,"D: 6,8,11,13,15,18,20,22,25,27,29,32,34,36,39,41,43,46,48,50",3,-7.488986784,6.167400881,-0.545416404
3862,CC031,F,X157,"D: 6,8,11,13,15,18,20,22,25,27,29,32,34,36,39,41,43,46,48,50",3,-27.92792793,1.801801802,-11.69026169
3863,CC031,F,X157,"D: 6,8,11,13,15,18,20,22,25,27,29,32,34,36,39,41,43,46,48,50",3,-18.69158879,3.738317757,-4.784156653
3864,CC031,F,X157,"D: 6,8,11,13,15,18,20,22,25,27,29,32,34,36,39,41,43,46,48,50",3,-15.78947368,8.947368421,-1.303258145
3865,CC031,M,X157,"D: 6,8,11,13,15,18,20,22,25,27,29,32,34,36,39,41,43,46,48,50",3,-16.31799163,5.439330544,-1.494321578
3866,CC031,M,X157,"D: 6,8,11,13,15,18,20,22,25,27,29,32,34,36,39,41,43,46,48,50",3,-2.69058296,16.14349776,7.623318386
3867,CC031,M,X157,"D: 6,8,11,13,15,18,20,22,25,27,29,32,34,36,39,41,43,46,48,50",3,-15.24663677,12.55605381,3.181721119
3868,CC031,M,X157,"D: 6,8,11,13,15,18,20,22,25,27,29,32,34,36,39,41,43,46,48,50",3,-2.33463035,10.11673152,3.928108208
3738,CC032 ,F,X134,"D: 5,7,9,12,14,16,19,21,23,26,28,30,33,35,37,40,42,44,47,49",2,-6.467661692,21.39303483,4.761904762
3739,CC032 ,F,X134,"D: 5,7,9,12,14,16,19,21,23,26,28,30,33,35,37,40,42,44,47,49",2,-25.32751092,15.72052402,0.145560408
3740,CC032 ,F,X134,"D: 5,7,9,12,14,16,19,21,23,26,28,30,33,35,37,40,42,44,47,49",2,-0.833333333,17.08333333,7.837301587
3452,CC032 ,F,X126,"D: 5,7,10,12,14,17,19,21,24,26,28,31,33,35,38,40,42,45,47,49",1,-11.88118812,7.425742574,-2.640264026
3453,CC032 ,F,X126,"D: 5,7,10,12,14,17,19,21,24,26,28,31,33,35,38,40,42,45,47,49",1,-10.0877193,17.98245614,2.568922306
3454,CC032 ,M,X126,"D: 5,7,10,12,14,17,19,21,24,26,28,31,33,35,38,40,42,45,47,49",1,-14.85943775,7.630522088,-0.17211704
3455,CC032 ,M,X126,"D: 5,7,10,12,14,17,19,21,24,26,28,31,33,35,38,40,42,45,47,49",1,-8.045977011,14.94252874,5.692391899
3456,CC032 ,M,X126,"D: 5,7,10,12,14,17,19,21,24,26,28,31,33,35,38,40,42,45,47,49",1,-5.747126437,19.92337165,7.863528553
3457,CC032 ,M,X126,"D: 5,7,10,12,14,17,19,21,24,26,28,31,33,35,38,40,42,45,47,49",1,-18.12080537,7.382550336,-3.707254714
3458,CC032 ,M,X126,"D: 5,7,10,12,14,17,19,21,24,26,28,31,33,35,38,40,42,45,47,49",1,-4.946996466,8.480565371,1.43025408
3831,CC036,F,X157,"D: 6,8,11,13,15,18,20,22,25,27,29,32,34,36,39,41,43,46,48,50",3,0,17.0984456,11.44830989
3832,CC036,F,X157,"D: 6,8,11,13,15,18,20,22,25,27,29,32,34,36,39,41,43,46,48,50",3,-7.368421053,16.84210526,4.837092732
3505,CC036 ,F,X126,"D: 5,7,10,12,14,17,19,21,24,26,28,31,33,35,38,40,42,45,47,49",1,-21.21212121,10.1010101,-5.747955748
3506,CC036 ,F,X126,"D: 5,7,10,12,14,17,19,21,24,26,28,31,33,35,38,40,42,45,47,49",1,-15.88785047,5.607476636,-1.468624833
3507,CC036 ,F,X126,"D: 5,7,10,12,14,17,19,21,24,26,28,31,33,35,38,40,42,45,47,49",1,-25.2688172,5.376344086,-8.781362007
3508,CC036 ,F,X126,"D: 5,7,10,12,14,17,19,21,24,26,28,31,33,35,38,40,42,45,47,49",1,-23.26732673,4.95049505,-4.101838755
3510,CC036 ,M,X126,"D: 5,7,10,12,14,17,19,21,24,26,28,31,33,35,38,40,42,45,47,49",1,-12.91512915,8.487084871,-3.953610965
3511,CC036 ,M,X126,"D: 5,7,10,12,14,17,19,21,24,26,28,31,33,35,38,40,42,45,47,49",1,-16.98841699,14.28571429,0.349328921
3512,CC036 ,M,X126,"D: 5,7,10,12,14,17,19,21,24,26,28,31,33,35,38,40,42,45,47,49",1,-36.47058824,0,-19.7945845
3513,CC036 ,M,X126,"D: 5,7,10,12,14,17,19,21,24,26,28,31,33,35,38,40,42,45,47,49",1,-9.090909091,9.090909091,0.959909656
3464,CC037,F,X126,"D: 5,7,10,12,14,17,19,21,24,26,28,31,33,35,38,40,42,45,47,49",1,-29.74358974,0,-19.16971917
3465,CC037,F,X126,"D: 5,7,10,12,14,17,19,21,24,26,28,31,33,35,38,40,42,45,47,49",1,-32.57142857,0,-15.6462585
3466,CC037,F,X126,"D: 5,7,10,12,14,17,19,21,24,26,28,31,33,35,38,40,42,45,47,49",1,-11.5942029,11.11111111,-1.610305958
3467,CC037,F,X126,"D: 5,7,10,12,14,17,19,21,24,26,28,31,33,35,38,40,42,45,47,49",1,-25.53191489,2.127659574,-11.24620061
3468,CC037,F,X126,"D: 5,7,10,12,14,17,19,21,24,26,28,31,33,35,38,40,42,45,47,49",1,-33.83838384,5.050505051,-15.1034151
3469,CC037,M,X126,"D: 5,7,10,12,14,17,19,21,24,26,28,31,33,35,38,40,42,45,47,49",1,-25.30612245,0,-15.51020408
3470,CC037,M,X126,"D: 5,7,10,12,14,17,19,21,24,26,28,31,33,35,38,40,42,45,47,49",1,-37.08333333,0,-24.71153846
3471,CC037,M,X126,"D: 5,7,10,12,14,17,19,21,24,26,28,31,33,35,38,40,42,45,47,49",1,-35.31914894,0,-24.59979737
3472,CC037,M,X126,"D: 5,7,10,12,14,17,19,21,24,26,28,31,33,35,38,40,42,45,47,49",1,-27.53036437,0,-14.30499325
3473,CC037,M,X126,"D: 5,7,10,12,14,17,19,21,24,26,28,31,33,35,38,40,42,45,47,49",1,-39.0625,0,-26.58110119
3870,CC038,F,X157,"D: 6,8,11,13,15,18,20,22,25,27,29,32,34,36,39,41,43,46,48,50",3,0,15.2,8.628571429
3871,CC038,F,X157,"D: 6,8,11,13,15,18,20,22,25,27,29,32,34,36,39,41,43,46,48,50",3,-4.219409283,24.47257384,2.411091019
3872,CC038,F,X157,"D: 6,8,11,13,15,18,20,22,25,27,29,32,34,36,39,41,43,46,48,50",3,0,27.09359606,16.77222613
3873,CC038,F,X157,"D: 6,8,11,13,15,18,20,22,25,27,29,32,34,36,39,41,43,46,48,50",3,0,13.75,6.458333333
3874,CC038,F,X157,"D: 6,8,11,13,15,18,20,22,25,27,29,32,34,36,39,41,43,46,48,50",3,-5.494505495,9.340659341,2.747252747
3875,CC038,M,X157,"D: 6,8,11,13,15,18,20,22,25,27,29,32,34,36,39,41,43,46,48,50",3,0,7.941176471,4.075630252
3876,CC038,M,X157,"D: 6,8,11,13,15,18,20,22,25,27,29,32,34,36,39,41,43,46,48,50",3,0,17.96407186,9.837467921
3877,CC038,M,X157,"D: 6,8,11,13,15,18,20,22,25,27,29,32,34,36,39,41,43,46,48,50",3,-38.00623053,10.28037383,-16.61474559
3878,CC038,M,X157,"D: 6,8,11,13,15,18,20,22,25,27,29,32,34,36,39,41,43,46,48,50",3,-14.6953405,6.810035842,-3.789042499
3879,CC038,M,X157,"D: 6,8,11,13,15,18,20,22,25,27,29,32,34,36,39,41,43,46,48,50",3,-24.55621302,8.284023669,-10.35502959
3575,CC040,F,X126,"D: 5,7,10,12,14,17,19,21,24,26,28,31,33,35,38,40,42,45,47,49",1,-0.446428571,10.71428571,4.017857143
3576,CC040,F,X126,"D: 5,7,10,12,14,17,19,21,24,26,28,31,33,35,38,40,42,45,47,49",1,-0.37037037,7.037037037,3.756613757
3577,CC040,F,X126,"D: 5,7,10,12,14,17,19,21,24,26,28,31,33,35,38,40,42,45,47,49",1,0,13.48314607,7.205279115
3578,CC040,F,X126,"D: 5,7,10,12,14,17,19,21,24,26,28,31,33,35,38,40,42,45,47,49",1,-2.93040293,11.72161172,4.325832897
3579,CC040,F,X126,"D: 5,7,10,12,14,17,19,21,24,26,28,31,33,35,38,40,42,45,47,49",1,-8.510638298,7.446808511,1.013171226
3580,CC040,M,X126,"D: 5,7,10,12,14,17,19,21,24,26,28,31,33,35,38,40,42,45,47,49",1,-1.652892562,6.611570248,3.207398662
3581,CC040,M,X126,"D: 5,7,10,12,14,17,19,21,24,26,28,31,33,35,38,40,42,45,47,49",1,-3.333333333,5,-0.079365079
3582,CC040,M,X126,"D: 5,7,10,12,14,17,19,21,24,26,28,31,33,35,38,40,42,45,47,49",1,-7.52688172,8.243727599,2.031063321
3584,CC040,M,X126,"D: 5,7,10,12,14,17,19,21,24,26,28,31,33,35,38,40,42,45,47,49",1,-29.87804878,9.146341463,-6.649245064
3514,CC041,F,X126,"D: 5,7,10,12,14,17,19,21,24,26,28,31,33,35,38,40,42,45,47,49",1,-26.19047619,0,-13.40136054
3515,CC041,F,X126,"D: 5,7,10,12,14,17,19,21,24,26,28,31,33,35,38,40,42,45,47,49",1,-22.80701754,0.584795322,-10.94402673
3516,CC041,F,X126,"D: 5,7,10,12,14,17,19,21,24,26,28,31,33,35,38,40,42,45,47,49",1,-17.05882353,1.764705882,-8.37535014
3517,CC041,F,X126,"D: 5,7,10,12,14,17,19,21,24,26,28,31,33,35,38,40,42,45,47,49",1,-20,0.571428571,-7.210884354
3518,CC041,F,X126,"D: 5,7,10,12,14,17,19,21,24,26,28,31,33,35,38,40,42,45,47,49",1,-27.86885246,0,-8.977361436
3519,CC041,M,X126,"D: 5,7,10,12,14,17,19,21,24,26,28,31,33,35,38,40,42,45,47,49",1,-24.49799197,0,-13.84585963
3520,CC041,M,X126,"D: 5,7,10,12,14,17,19,21,24,26,28,31,33,35,38,40,42,45,47,49",1,-30.83333333,21.25,-4.007936508
3521,CC041,M,X126,"D: 5,7,10,12,14,17,19,21,24,26,28,31,33,35,38,40,42,45,47,49",1,-22.97297297,0.45045045,-13.51351351
3522,CC041,M,X126,"D: 5,7,10,12,14,17,19,21,24,26,28,31,33,35,38,40,42,45,47,49",1,-22.98387097,0,-10.08064516
3523,CC041,M,X126,"D: 5,7,10,12,14,17,19,21,24,26,28,31,33,35,38,40,42,45,47,49",1,-26.31578947,4.385964912,-7.01754386
3741,CC042,F,X134,"D: 5,7,9,12,14,16,19,21,23,26,28,30,33,35,37,40,42,44,47,49",2,-12.43243243,2.162162162,-4.041184041
3742,CC042,F,X134,"D: 5,7,9,12,14,16,19,21,23,26,28,30,33,35,37,40,42,44,47,49",2,-23.78378378,8.648648649,-9.613899614
3743,CC042,F,X134,"D: 5,7,9,12,14,16,19,21,23,26,28,30,33,35,37,40,42,44,47,49",2,-24.56140351,12.28070175,-9.022556391
3744,CC042,F,X134,"D: 5,7,9,12,14,16,19,21,23,26,28,30,33,35,37,40,42,44,47,49",2,-10.3030303,23.63636364,9.523809524
3745,CC042,F,X134,"D: 5,7,9,12,14,16,19,21,23,26,28,30,33,35,37,40,42,44,47,49",2,-29.44785276,6.748466258,-6.748466258
3524,CC042,M,X126,"D: 5,7,10,12,14,17,19,21,24,26,28,31,33,35,38,40,42,45,47,49",1,-30.03952569,0.395256917,-10.20256917
3525,CC042,M,X126,"D: 5,7,10,12,14,17,19,21,24,26,28,31,33,35,38,40,42,45,47,49",1,-25.33936652,2.262443439,-7.735401853
3526,CC042,M,X126,"D: 5,7,10,12,14,17,19,21,24,26,28,31,33,35,38,40,42,45,47,49",1,-4.198473282,9.923664122,2.798982188
3527,CC042,M,X126,"D: 5,7,10,12,14,17,19,21,24,26,28,31,33,35,38,40,42,45,47,49",1,-20.59925094,5.243445693,-0.909577314
3528,CC042,M,X126,"D: 5,7,10,12,14,17,19,21,24,26,28,31,33,35,38,40,42,45,47,49",1,-12.75862069,3.103448276,-4.466338259
3746,CC043 ,F,X134,"D: 5,7,9,12,14,16,19,21,23,26,28,30,33,35,37,40,42,44,47,49",2,-25.65445026,4.188481675,-5.609573672
3747,CC043 ,F,X134,"D: 5,7,9,12,14,16,19,21,23,26,28,30,33,35,37,40,42,44,47,49",2,-23.49726776,3.278688525,-5.828779599
3748,CC043 ,F,X134,"D: 5,7,9,12,14,16,19,21,23,26,28,30,33,35,37,40,42,44,47,49",2,-17.61006289,12.57861635,-8.295896975
3474,CC043 ,F,X126,"D: 5,7,10,12,14,17,19,21,24,26,28,31,33,35,38,40,42,45,47,49",1,-25.30120482,7.831325301,-10.87205967
3475,CC043 ,F,X126,"D: 5,7,10,12,14,17,19,21,24,26,28,31,33,35,38,40,42,45,47,49",1,-33.33333333,0,-15.77635328
3476,CC043 ,M,X126,"D: 5,7,10,12,14,17,19,21,24,26,28,31,33,35,38,40,42,45,47,49",1,-14.75409836,3.825136612,-3.200624512
3477,CC043 ,M,X126,"D: 5,7,10,12,14,17,19,21,24,26,28,31,33,35,38,40,42,45,47,49",1,-21.75925926,0,-10.14109347
3749,CC043 ,M,X134,"D: 5,7,9,12,14,16,19,21,23,26,28,30,33,35,37,40,42,44,47,49",2,-33.9055794,6.43776824,-15.69589209
3750,CC043 ,M,X134,"D: 5,7,9,12,14,16,19,21,23,26,28,30,33,35,37,40,42,44,47,49",2,-29.18454936,2.145922747,-17.14694461
3751,CC043 ,M,X134,"D: 5,7,9,12,14,16,19,21,23,26,28,30,33,35,37,40,42,44,47,49",2,-26.10837438,11.33004926,-5.794041755
3529,CC044 ,F,X126,"D: 5,7,10,12,14,17,19,21,24,26,28,31,33,35,38,40,42,45,47,49",1,-9.722222222,16.66666667,5.026455026
3530,CC044 ,F,X126,"D: 5,7,10,12,14,17,19,21,24,26,28,31,33,35,38,40,42,45,47,49",1,-2.068965517,13.10344828,5.714285714
3531,CC044 ,F,X126,"D: 5,7,10,12,14,17,19,21,24,26,28,31,33,35,38,40,42,45,47,49",1,0,11.76470588,7.127295363
3532,CC044 ,F,X126,"D: 5,7,10,12,14,17,19,21,24,26,28,31,33,35,38,40,42,45,47,49",1,0,21.73913043,10.38647343
3533,CC044 ,F,X126,"D: 5,7,10,12,14,17,19,21,24,26,28,31,33,35,38,40,42,45,47,49",1,-9.554140127,21.01910828,7.946618138
3752,CC044 ,M,X134,"D: 5,7,9,12,14,16,19,21,23,26,28,30,33,35,37,40,42,44,47,49",2,-5.882352941,8.823529412,0.02334267
3753,CC044 ,M,X134,"D: 5,7,9,12,14,16,19,21,23,26,28,30,33,35,37,40,42,44,47,49",2,-11.16504854,18.44660194,4.969949145
3754,CC044 ,M,X134,"D: 5,7,9,12,14,16,19,21,23,26,28,30,33,35,37,40,42,44,47,49",2,-25.99118943,12.7753304,-1.594294105
3755,CC044 ,M,X134,"D: 5,7,9,12,14,16,19,21,23,26,28,30,33,35,37,40,42,44,47,49",2,-3.10880829,18.65284974,6.143597335
3756,CC044 ,M,X134,"D: 5,7,9,12,14,16,19,21,23,26,28,30,33,35,37,40,42,44,47,49",2,0,13.17073171,5.272938444
3850,CC046,F,X157,"D: 6,8,11,13,15,18,20,22,25,27,29,32,34,36,39,41,43,46,48,50",3,-25.6916996,2.371541502,-11.82006399
3851,CC046,F,X157,"D: 6,8,11,13,15,18,20,22,25,27,29,32,34,36,39,41,43,46,48,50",3,-18.18181818,7.575757576,-3.67965368
3852,CC046,F,X157,"D: 6,8,11,13,15,18,20,22,25,27,29,32,34,36,39,41,43,46,48,50",3,-12.71676301,16.76300578,3.165428021
3853,CC046,F,X157,"D: 6,8,11,13,15,18,20,22,25,27,29,32,34,36,39,41,43,46,48,50",3,-16.06217617,8.29015544,-2.245250432
3854,CC046,F,X157,"D: 6,8,11,13,15,18,20,22,25,27,29,32,34,36,39,41,43,46,48,50",3,-13.57466063,6.787330317,-2.046972635
3855,CC046,M,X157,"D: 6,8,11,13,15,18,20,22,25,27,29,32,34,36,39,41,43,46,48,50",3,-13.19148936,14.04255319,-0.382978723
3856,CC046,M,X157,"D: 6,8,11,13,15,18,20,22,25,27,29,32,34,36,39,41,43,46,48,50",3,-37.5,9.375,-7.330827068
3857,CC046,M,X157,"D: 6,8,11,13,15,18,20,22,25,27,29,32,34,36,39,41,43,46,48,50",3,-25,10.22727273,-0.432900433
3858,CC046,M,X157,"D: 6,8,11,13,15,18,20,22,25,27,29,32,34,36,39,41,43,46,48,50",3,-22.1719457,11.76470588,-2.822667529
3859,CC046,M,X157,"D: 6,8,11,13,15,18,20,22,25,27,29,32,34,36,39,41,43,46,48,50",3,-17.90393013,5.676855895,-3.930131004
3478,CC051,F,X126,"D: 5,7,10,12,14,17,19,21,24,26,28,31,33,35,38,40,42,45,47,49",1,-16.10169492,3.813559322,-4.802259887
3479,CC051,F,X126,"D: 5,7,10,12,14,17,19,21,24,26,28,31,33,35,38,40,42,45,47,49",1,-8.490566038,16.03773585,3.661275831
3480,CC051,F,X126,"D: 5,7,10,12,14,17,19,21,24,26,28,31,33,35,38,40,42,45,47,49",1,-6.194690265,7.522123894,0.779603877
3481,CC051,F,X126,"D: 5,7,10,12,14,17,19,21,24,26,28,31,33,35,38,40,42,45,47,49",1,-13.39712919,12.44019139,0.797448166
3482,CC051,F,X126,"D: 5,7,10,12,14,17,19,21,24,26,28,31,33,35,38,40,42,45,47,49",1,-4.147465438,11.52073733,3.159973667
3483,CC051,M,X126,"D: 5,7,10,12,14,17,19,21,24,26,28,31,33,35,38,40,42,45,47,49",1,-26.64473684,0,-11.96741855
3484,CC051,M,X126,"D: 5,7,10,12,14,17,19,21,24,26,28,31,33,35,38,40,42,45,47,49",1,-13.65187713,4.778156997,-4.046806436
3485,CC051,M,X126,"D: 5,7,10,12,14,17,19,21,24,26,28,31,33,35,38,40,42,45,47,49",1,-48.09688581,0,-23.96193772
3486,CC051,M,X126,"D: 5,7,10,12,14,17,19,21,24,26,28,31,33,35,38,40,42,45,47,49",1,-24.82014388,0,-10.51730045
3487,CC051,M,X126,"D: 5,7,10,12,14,17,19,21,24,26,28,31,33,35,38,40,42,45,47,49",1,-30.28169014,0,-19.2991281
3534,CC059,F,X126,"D: 5,7,10,12,14,17,19,21,24,26,28,31,33,35,38,40,42,45,47,49",1,-19.06976744,5.11627907,-7.375415282
3535,CC059,F,X126,"D: 5,7,10,12,14,17,19,21,24,26,28,31,33,35,38,40,42,45,47,49",1,-28.50678733,0,-12.15255333
3536,CC059,F,X126,"D: 5,7,10,12,14,17,19,21,24,26,28,31,33,35,38,40,42,45,47,49",1,-18.66028708,2.870813397,-6.288448394
3537,CC059,F,X126,"D: 5,7,10,12,14,17,19,21,24,26,28,31,33,35,38,40,42,45,47,49",1,-41.83266932,0,-26.67425536
3538,CC059,F,X126,"D: 5,7,10,12,14,17,19,21,24,26,28,31,33,35,38,40,42,45,47,49",1,-24.76190476,4.761904762,-6.961451247
3539,CC059,M,X126,"D: 5,7,10,12,14,17,19,21,24,26,28,31,33,35,38,40,42,45,47,49",1,-25.17730496,1.773049645,-12.34380277
3540,CC059,M,X126,"D: 5,7,10,12,14,17,19,21,24,26,28,31,33,35,38,40,42,45,47,49",1,-27.95275591,3.937007874,-8.792650919
3541,CC059,M,X126,"D: 5,7,10,12,14,17,19,21,24,26,28,31,33,35,38,40,42,45,47,49",1,-15.55555556,0.740740741,-9.029982363
3542,CC059,M,X126,"D: 5,7,10,12,14,17,19,21,24,26,28,31,33,35,38,40,42,45,47,49",1,-18.33333333,0,-10.98412698
3543,CC059,M,X126,"D: 5,7,10,12,14,17,19,21,24,26,28,31,33,35,38,40,42,45,47,49",1,-17.82945736,0,-7.973421927
3757,CC061 ,F,X134,"D: 5,7,9,12,14,16,19,21,23,26,28,30,33,35,37,40,42,44,47,49",2,-20.70707071,0,-10.07696008
3758,CC061 ,F,X134,"D: 5,7,9,12,14,16,19,21,23,26,28,30,33,35,37,40,42,44,47,49",2,-12.16216216,12.83783784,5.083655084
3488,CC061 ,F,X126,"D: 5,7,10,12,14,17,19,21,24,26,28,31,33,35,38,40,42,45,47,49",1,-32.43243243,1.081081081,-9.755469755
3489,CC061 ,F,X126,"D: 5,7,10,12,14,17,19,21,24,26,28,31,33,35,38,40,42,45,47,49",1,-25.92592593,16.4021164,1.058201058
3490,CC061 ,F,X126,"D: 5,7,10,12,14,17,19,21,24,26,28,31,33,35,38,40,42,45,47,49",1,-23.4939759,13.85542169,-1.520367183
3491,CC061 ,M,X126,"D: 5,7,10,12,14,17,19,21,24,26,28,31,33,35,38,40,42,45,47,49",1,-16.75126904,8.629441624,-0.846023689
3492,CC061 ,M,X126,"D: 5,7,10,12,14,17,19,21,24,26,28,31,33,35,38,40,42,45,47,49",1,-17.0212766,9.042553191,-0.987841945
3493,CC061 ,M,X126,"D: 5,7,10,12,14,17,19,21,24,26,28,31,33,35,38,40,42,45,47,49",1,-17.87439614,9.661835749,-3.841729929
3494,CC061 ,M,X126,"D: 5,7,10,12,14,17,19,21,24,26,28,31,33,35,38,40,42,45,47,49",1,-12.95336788,8.29015544,-0.468788552
3833,CC061,M,X157,"D: 6,8,11,13,15,18,20,22,25,27,29,32,34,36,39,41,43,46,48,50",3,-35.13513514,5.855855856,-13.96396396
3834,CC061,M,X157,"D: 6,8,11,13,15,18,20,22,25,27,29,32,34,36,39,41,43,46,48,50",3,-36.75889328,5.533596838,-18.44532279
3759,CC068 ,F,X134,"D: 5,7,9,12,14,16,19,21,23,26,28,30,33,35,37,40,42,44,47,49",2,-20.44198895,8.287292818,-4.183109708
3760,CC068 ,F,X134,"D: 5,7,9,12,14,16,19,21,23,26,28,30,33,35,37,40,42,44,47,49",2,-13.75661376,12.6984127,3.300579491
3761,CC068 ,F,X134,"D: 5,7,9,12,14,16,19,21,23,26,28,30,33,35,37,40,42,44,47,49",2,-12.6984127,7.407407407,0.277147896
3762,CC068 ,F,X134,"D: 5,7,9,12,14,16,19,21,23,26,28,30,33,35,37,40,42,44,47,49",2,-6.422018349,9.633027523,2.293577982
3763,CC068 ,F,X134,"D: 5,7,9,12,14,16,19,21,23,26,28,30,33,35,37,40,42,44,47,49",2,-3.8647343,5.797101449,1.771336554
3764,CC068 ,M,X134,"D: 5,7,10,12,14,17,19,21,24,26,28,31,33,35,38,40,42,45,47,49",1,-26.35379061,0,-8.165721162
3544,CC068 ,M,X126,"D: 5,7,10,12,14,17,19,21,24,26,28,31,33,35,38,40,42,45,47,49",1,-24.15254237,0,-8.171912833
3545,CC068 ,M,X126,"D: 5,7,10,12,14,17,19,21,24,26,28,31,33,35,38,40,42,45,47,49",1,-19.31330472,0,-10.50480278
3546,CC068 ,M,X126,"D: 5,7,10,12,14,17,19,21,24,26,28,31,33,35,38,40,42,45,47,49",1,-21.48148148,0,-10.95238095
3835,CC072,F,X157,"D: 6,8,11,13,15,18,20,22,25,27,29,32,34,36,39,41,43,46,48,50",3,-26.5917603,9.36329588,-6.206527555
3836,CC072,F,X157,"D: 6,8,11,13,15,18,20,22,25,27,29,32,34,36,39,41,43,46,48,50",3,-2.155172414,18.10344828,5.685550082
3837,CC072,F,X157,"D: 6,8,11,13,15,18,20,22,25,27,29,32,34,36,39,41,43,46,48,50",3,0,35,16.96825397
3838,CC072,F,X157,"D: 6,8,11,13,15,18,20,22,25,27,29,32,34,36,39,41,43,46,48,50",3,-14.23611111,8.333333333,-0.942460317
3839,CC072,F,X157,"D: 6,8,11,13,15,18,20,22,25,27,29,32,34,36,39,41,43,46,48,50",3,-22.98850575,9.961685824,-7.006020799
3547,CC072,M,X126,"D: 5,7,10,12,14,17,19,21,24,26,28,31,33,35,38,40,42,45,47,49",1,-9.252669039,14.23487544,2.118285036
3548,CC072,M,X126,"D: 5,7,10,12,14,17,19,21,24,26,28,31,33,35,38,40,42,45,47,49",1,-0.568181818,14.77272727,8.035714286
3765,CC072,M,X134,"D: 5,7,9,12,14,16,19,21,23,26,28,30,33,35,37,40,42,44,47,49",2,-1.935483871,9.032258065,2.841781874
3766,CC072,M,X134,"D: 5,7,9,12,14,16,19,21,23,26,28,30,33,35,37,40,42,44,47,49",2,-5.855855856,11.71171171,1.63020163
3767,CC072,M,X134,"D: 5,7,9,12,14,16,19,21,23,26,28,30,33,35,37,40,42,44,47,49",2,-3.416149068,6.52173913,1.878142561
3768,CC074 ,F,X134,"D: 5,7,9,12,14,16,19,21,23,26,28,30,33,35,37,40,42,44,47,49",2,-1.369863014,18.49315068,6.033920417
3769,CC074 ,F,X134,"D: 5,7,9,12,14,16,19,21,23,26,28,30,33,35,37,40,42,44,47,49",2,-4.069767442,14.53488372,4.651162791
3770,CC074 ,F,X134,"D: 5,7,9,12,14,16,19,21,23,26,28,30,33,35,37,40,42,44,47,49",2,-37.91469194,1.421800948,-15.59467389
3495,CC074 ,F,X126,"D: 5,7,10,12,14,17,19,21,24,26,28,31,33,35,38,40,42,45,47,49",1,-1.538461538,21.53846154,14.16361416
3497,CC074 ,F,X126,"D: 5,7,10,12,14,17,19,21,24,26,28,31,33,35,38,40,42,45,47,49",1,-10.75268817,8.064516129,-2.636968766
3498,CC074 ,M,X126,"D: 5,7,10,12,14,17,19,21,24,26,28,31,33,35,38,40,42,45,47,49",1,-16.90821256,4.347826087,-3.496664366
3499,CC074 ,M,X126,"D: 5,7,10,12,14,17,19,21,24,26,28,31,33,35,38,40,42,45,47,49",1,-11.91709845,6.735751295,-2.417962003
3500,CC074 ,M,X126,"D: 5,7,10,12,14,17,19,21,24,26,28,31,33,35,38,40,42,45,47,49",1,-5.99078341,15.20737327,5.354399824
3771,CC074 ,M,X134,"D: 5,7,9,12,14,16,19,21,23,26,28,30,33,35,37,40,42,44,47,49",2,-6.161137441,4.739336493,0.067704807
3772,CC074 ,M,X134,"D: 5,7,9,12,14,16,19,21,23,26,28,30,33,35,37,40,42,44,47,49",2,-33.00970874,3.883495146,-9.130836801
3549,CC075 ,F,X126,"D: 5,7,10,12,14,17,19,21,24,26,28,31,33,35,38,40,42,45,47,49",1,0,19.64285714,7.44047619
3550,CC075 ,F,X126,"D: 5,7,10,12,14,17,19,21,24,26,28,31,33,35,38,40,42,45,47,49",1,-21.10091743,2.752293578,-4.587155963
3551,CC075 ,F,X126,"D: 5,7,10,12,14,17,19,21,24,26,28,31,33,35,38,40,42,45,47,49",1,0,16.50943396,9.27672956
3552,CC075 ,F,X126,"D: 5,7,10,12,14,17,19,21,24,26,28,31,33,35,38,40,42,45,47,49",1,-24.27184466,5.825242718,-6.680536292
3553,CC075 ,F,X126,"D: 5,7,10,12,14,17,19,21,24,26,28,31,33,35,38,40,42,45,47,49",1,-9.589041096,15.52511416,2.870189172
3773,CC075 ,M,X134,"D: 5,7,9,12,14,16,19,21,23,26,28,30,33,35,37,40,42,44,47,49",2,0,13.79310345,6.677613574
3774,CC075 ,M,X134,"D: 5,7,9,12,14,16,19,21,23,26,28,30,33,35,37,40,42,44,47,49",2,-28.87323944,3.169014085,-10.68075117
3775,CC075 ,M,X134,"D: 5,7,9,12,14,16,19,21,23,26,28,30,33,35,37,40,42,44,47,49",2,-23.14049587,4.958677686,-9.3270366
3776,CC075 ,M,X134,"D: 5,7,9,12,14,16,19,21,23,26,28,30,33,35,37,40,42,44,47,49",2,-24.61538462,3.076923077,-8.534798535
3777,CC075 ,M,X134,"D: 5,7,9,12,14,16,19,21,23,26,28,30,33,35,37,40,42,44,47,49",2,-1.877934272,20.657277,8.853118712
3338,CC083 ,F,X126,"D: 5,7,10,12,14,17,19,21,24,26,28,31,33,35,38,40,42,45,47,49",1,-3.225806452,19.35483871,7.903225806
3339,CC083 ,F,X126,"D: 5,7,10,12,14,17,19,21,24,26,28,31,33,35,38,40,42,45,47,49",1,-3.468208092,17.34104046,5.50509221
3340,CC083 ,F,X126,"D: 5,7,10,12,14,17,19,21,24,26,28,31,33,35,38,40,42,45,47,49",1,-3.614457831,16.26506024,6.961178046
3341,CC083 ,F,X126,"D: 5,7,10,12,14,17,19,21,24,26,28,31,33,35,38,40,42,45,47,49",1,-12.17948718,21.15384615,7.295482295
3342,CC083 ,F,X126,"D: 5,7,10,12,14,17,19,21,24,26,28,31,33,35,38,40,42,45,47,49",1,-30,7.5,-14.64285714
3343,CC083 ,M,X126,"D: 5,7,10,12,14,17,19,21,24,26,28,31,33,35,38,40,42,45,47,49",1,-21.62162162,9.009009009,-2.638352638
3344,CC083 ,M,X126,"D: 5,7,10,12,14,17,19,21,24,26,28,31,33,35,38,40,42,45,47,49",1,-19.07216495,13.91752577,2.626411389
3345,CC083 ,M,X126,"D: 5,7,10,12,14,17,19,21,24,26,28,31,33,35,38,40,42,45,47,49",1,-18.38565022,3.587443946,-5.146273756
3346,CC083 ,M,X126,"D: 5,7,10,12,14,17,19,21,24,26,28,31,33,35,38,40,42,45,47,49",1,-9.266409266,9.652509653,1.507630079
3347,CC083 ,M,X126,"D: 5,7,10,12,14,17,19,21,24,26,28,31,33,35,38,40,42,45,47,49",1,-21.37096774,6.85483871,-3.052995392
3840,CC084,F,X157,"D: 6,8,11,13,15,18,20,22,25,27,29,32,34,36,39,41,43,46,48,50",3,-37.45583039,6.713780919,-22.79993269
3841,CC084,F,X157,"D: 6,8,11,13,15,18,20,22,25,27,29,32,34,36,39,41,43,46,48,50",3,-45.0617284,5.864197531,-25.47031158
3842,CC084,F,X157,"D: 6,8,11,13,15,18,20,22,25,27,29,32,34,36,39,41,43,46,48,50",3,-46.9924812,5.639097744,-27.622628
3843,CC084,F,X157,"D: 6,8,11,13,15,18,20,22,25,27,29,32,34,36,39,41,43,46,48,50",3,-26.71755725,6.870229008,-14.48564158
3844,CC084,F,X157,"D: 6,8,11,13,15,18,20,22,25,27,29,32,34,36,39,41,43,46,48,50",3,-20.4379562,6.934306569,-6.343413278
3845,CC084,M,X157,"D: 6,8,11,13,15,18,20,22,25,27,29,32,34,36,39,41,43,46,48,50",3,-35.84337349,7.228915663,-19.56397017
3846,CC084,M,X157,"D: 6,8,11,13,15,18,20,22,25,27,29,32,34,36,39,41,43,46,48,50",3,-35.25835866,6.686930091,-19.71341728
3847,CC084,M,X157,"D: 6,8,11,13,15,18,20,22,25,27,29,32,34,36,39,41,43,46,48,50",3,-43.35260116,6.069364162,-25.18579686
3848,CC084,M,X157,"D: 6,8,11,13,15,18,20,22,25,27,29,32,34,36,39,41,43,46,48,50",3,-36.90851735,5.993690852,-20.82018927
3849,CC084,M,X157,"D: 6,8,11,13,15,18,20,22,25,27,29,32,34,36,39,41,43,46,48,50",3,-34.56090652,1.983002833,-20.01888574
